search,city,country
медичний центр,київ,ua
гінеколог,харків,
косметолог,одеса,
барбершоп,дніпро,
стоматологія,львів,
манікюр,запоріжжя,
перукарня,кривий ріг,
масаж,миколаїв,
спа ,вінниця,
лазерна епіляція,чернігів,
тату салон,полтава,
ветеринарна клініка,херсон,
оптика,хмельницький,
сто ,черкаси,
клінінг,чернівці,
салон краси,житомир,
,суми,
,рівне,
,івано-франківськ,
,кам'янське,
,тернопіль,
,кропивницький,
,луцьк,
,кременчук,
,біла церква,
,краматорськ,
,ужгород,
,бровари,
,нікополь,
,слов'янськ,
,павлоград,
,кам'янець-подільський,
,мукачево,
,конотоп,
,умань,
,дрогобич,
,бердичів,
,шостка,
,ізмаїл,
,новомосковськ,
,ковель,
,ніжин,
,сміла,
,ірпінь,
,калуш,
,червоноград,
,бориспіль,
,первомайськ,
,коростень,
,коломия,
,стрий,
,чорноморськ,
,звягель,
,лозова,
,прилуки,
,горішні плавні,
,нововолинськ,
,білгород-дністровський,
,охтирка,
,марганець,
,ізюм,
,лубни,
,фастів,
,світловодськ,
,вишневе,
,вараш,
,шепетівка,
,подільськ,
,южноукраїнськ,
,володимир,
,миргород,
,покров,
,буча,
,васильків,
,дубно,
,нетішин,
,славута,
,боярка,
,самбір,
,старокостянтинів,
,жмеринка,
,вознесенськ,
,обухів,
,вишгород,
,южне,
,борислав,
,глухів,
,новояворівськ,
,чугуїв,
,костопіль,
,могилів-подільський,
